Name,Município,Data_Avist,Estado,Latitude,Longitude,Data_Revis,Status
Praia do Carro Quebrado,Barra de Santo Antônio,2019-09-18,AL,"09° 20' 30.08"" S","35° 26' 55.32"" W",2019-10-21,Oleada - Manchas
Barra de Santo Antônio,Barra de Santo Antônio,2019-09-22,AL,"09° 20' 53.00"" S","35° 27' 52.00"" W",2019-10-13,Oleada - Vestígios/Esparsos
Praia do Morro de Camaragibe,Barra de Santo Antônio,2019-10-21,AL,"09° 19' 43.21"" S","35° 26' 20.04"" W",,Oleada - Vestígios/Esparsos
Barra de São Miguel,Barra de São Miguel,2019-09-19,AL,"09° 49' 32.34"" S","35° 52' 45.36"" W",2019-10-22,Oleada - Vestígios/Esparsos
Praia Bonita,Barra de São Miguel,2019-10-21,AL,"09° 50' 30.34"" S","35° 53' 35.66"" W",,Oleada - Vestígios/Esparsos
Barra do Santo Antônio,Barra do Santo Antônio,2019-10-13,AL,"09° 25' 52.88"" S","35° 30' 31.53"" W",2019-10-15,Oleada - Manchas
Barra do Santo Antônio,Barra do Santo Antônio,2019-10-13,AL,"09° 24' 51.00"" S","35° 29' 51.79"" W",2019-10-14,Oleada - Vestígios/Esparsos
Ilha da Croa,Barra do Santo Antônio,2019-10-13,AL,"09° 22' 55.58"" S","35° 29' 28.37"" W",2019-10-13,Oleada - Manchas
Pontal do Coruripe,Coruripe,2019-09-27,AL,"10° 09' 38.62"" S","36° 08' 07.09"" W",2019-10-23,Óleo - Não Observado
Lagoa do Pau,Coruripe,2019-09-27,AL,"10° 07' 47.04"" S","36° 06' 36.04"" W",2019-10-07,Óleo - Não Observado
Coruripe,Coruripe,2019-10-12,AL,"10° 10' 08.00"" S","36° 09' 54.33"" W",,Oleada - Vestígios/Esparsos
Praia de Flexeiras,Feliz Deserto,2019-10-21,AL,"10° 19' 12.66"" S","36° 18' 02.44"" W",2019-10-23,Oleada - Vestígios/Esparsos
Barreira do Boqueirão,Japaratinga,2019-10-14,AL,"09° 07' 30.00"" S","35° 16' 32.00"" W",2019-10-18,Oleada - Vestígios/Esparsos
Praia de Japaratinga,Japaratinga,2019-10-16,AL,"09° 04' 56.00"" S","35° 14' 54.65"" W",2019-10-21,Oleada - Vestígios/Esparsos
Foz do Rio Manguba,Japaratinga,2019-10-21,AL,"09° 09' 24.48"" S","35° 17' 20.72"" W",2019-10-23,Oleada - Vestígios/Esparsos
Rio Salgado,Japaratinga,2019-10-21,AL,"09° 03' 38.77"" S","35° 14' 22.56"" W",,Oleada - Vestígios/Esparsos
Pajuçara/Ponta Verde,Maceió,2019-09-15,AL,"09° 39' 51.55"" S","35° 42' 26.61"" W",2019-09-15,Oleada - Vestígios/Esparsos
Ipioca,Maceió,2019-09-17,AL,"09° 32' 52.37"" S","35° 37' 03.18"" W",2019-10-03,Oleada - Vestígios/Esparsos
Praia do Antunes,Maragogi,2019-10-16,AL,"08° 58' 40.20"" S","35° 10' 54.70"" W",2019-10-17,Oleada - Vestígios/Esparsos
Ponta do Mangue,Maragogi,2019-10-16,AL,"08° 57' 20.20"" S","35° 10' 16.70"" W",2019-10-18,Oleada - Vestígios/Esparsos
Barra Grande,Maragogi,2019-10-17,AL,"08° 59' 28.93"" S","35° 11' 57.07"" W",2019-10-21,Oleada - Vestígios/Esparsos
Barra Grande,Maragogi,2019-10-16,AL,"08° 54' 59.00"" S","35° 09' 09.77"" W",2019-10-18,Oleada - Vestígios/Esparsos
Praia da Peroba,Maragogi,2019-10-18,AL,"08° 55' 49.00"" S","35° 09' 49.48"" W",2019-10-18,Oleada - Vestígios/Esparsos
Ponta do Mangue,Maragogi,2019-10-16,AL,"08° 57' 47.14"" S","35° 10' 29.92"" W",2019-10-21,Oleada - Vestígios/Esparsos
Barra dos Coqueiros,Maragogi,2019-10-20,AL,"08° 58' 10.65"" S","35° 10' 37.82"" W",,Oleada - Vestígios/Esparsos
Centro,Maragogi,2019-10-21,AL,"09° 00' 46.15"" S","35° 13' 15.46"" W",,Oleada - Vestígios/Esparsos
Praia de Burgalhau,Maragogi,2019-10-21,AL,"09° 00' 07.51"" S","35° 12' 36.65"" W",,Oleada - Vestígios/Esparsos
Praia do Camacho,Maragogi,2019-10-23,AL,,,,Oleada - Vestígios/Esparsos
Praia do Francês,Marechal Deodoro,2019-09-18,AL,"09° 46' 11.18"" S","35° 50' 20.89"" W",,Oleada - Vestígios/Esparsos
Lot. Encontro do Mar,Marechal Deodoro,2019-09-21,AL,"09° 47' 20.25"" S","35° 51' 22.14"" W",,Oleada - Vestígios/Esparsos
Ponta da Barra,Marechal Deodoro,2019-10-13,AL,"09° 43' 02.48"" S","35° 47' 45.32"" W",2019-10-21,Oleada - Vestígios/Esparsos
Paripueira,Paripueira,2019-09-22,AL,"09° 27' 32.00"" S","35° 32' 14.00"" W",,Oleada - Vestígios/Esparsos
Piaçabuçu,Piaçabuçu,2019-10-01,AL,"10° 26' 16.94"" S","36° 21' 14.31"" W",,Oleada - Vestígios/Esparsos
Praia do Pontal do Peba,Piaçabuçu,2019-10-05,AL,"10° 20' 43.44"" S","36° 18' 06.19"" W",2019-10-23,Oleada - Vestígios/Esparsos
Foz do Rio São Francisco,Piaçabuçu,2019-10-09,AL,"10° 29' 22.00"" S","36° 23' 37.01"" W",2019-10-22,Óleo - Não Observado
Foz do rio Tatuamunha,Porto de Pedra,2019-10-22,AL,"09° 13' 25.39"" S","35° 19' 53.58"" W",,Oleada - Vestígios/Esparsos
Praia do Gunga,Roteiro,2019-09-22,AL,"09° 54' 11.14"" S","35° 56' 19.58"" W",2019-10-22,Oleada - Vestígios/Esparsos
Praia do Gunga,Roteiro,2019-09-22,AL,"09° 52' 05.25"" S","35° 54' 20.79"" W",,Oleada - Vestígios/Esparsos
Lagoa Azeda,Roteiro,2019-10-22,AL,"09° 58' 17.18"" S","35° 58' 46.89"" W",,Oleada - Vestígios/Esparsos
Viral,São Cristóvão,2019-10-20,AL,"11° 08' 10.50"" S","37° 09' 17.14"" W",2019-10-22,Óleo - Não Observado
Garapuá,Cairu,2019-10-22,BA,"13° 22' 41.66"" S","38° 55' 09.84"" W",,Oleada - Vestígios/Esparsos
Morro de São Paulo,Cairu,2019-10-21,BA,,,2019-10-23,Óleo - Não Observado
Guarajuba,Camaçari,2019-10-09,BA,"12° 38' 57.32"" S","38° 03' 40.17"" W",2019-10-23,Oleada - Vestígios/Esparsos
Praia de Itacimirim,Camaçari,2019-10-09,BA,"12° 37' 39.36"" S","38° 02' 42.77"" W",2019-10-19,Oleada - Vestígios/Esparsos
Arembepe,Camaçari,2019-10-10,BA,"12° 45' 45.00"" S","38° 10' 05.50"" W",2019-10-22,Oleada - Vestígios/Esparsos
Praia de Jauá,Camaçari,2019-10-18,BA,"12° 49' 36.62"" S","38° 13' 21.69"" W",2019-10-19,Óleo - Não Observado
Praia do Japonês,Camaçari,2019-10-21,BA,"12° 50' 22.67"" S","38° 14' 06.72"" W",2019-10-23,Óleo - Não Observado
Barra do Jacuípe,Camaçari,2019-10-22,BA,"12° 42' 21.37"" S","38° 07' 12.99"" W",,Oleada - Manchas
Sítio do Conde,Conde,2019-10-04,BA,"11° 51' 10.64"" S","37° 33' 50.37"" W",2019-10-20,Oleada - Manchas
Conde,Conde,2019-10-05,BA,"11° 44' 24.06"" S","37° 31' 01.86"" W",2019-10-05,Oleada - Vestígios/Esparsos
Itariri,Conde,2019-10-05,BA,"11° 57' 58.76"" S","37° 37' 12.84"" W",2019-10-22,Oleada - Vestígios/Esparsos
Praia de Poças,Conde,2019-10-20,BA,"11° 48' 49.48"" S","37° 32' 45.27"" W",2019-10-20,Oleada - Manchas
Porto de Sauípe,Entre Rios,2019-10-09,BA,"12° 23' 32.26"" S","37° 52' 53.72"" W",2019-10-22,Oleada - Manchas
Praia de Massarandupio,Entre Rios,2019-10-11,BA,"12° 18' 43.41"" S","37° 49' 38.75"" W",2019-10-23,Oleada - Vestígios/Esparsos
Mamucabo,Esplanada,2019-10-07,BA,"12° 09' 46.82"" S","37° 43' 27.09"" W",2019-10-08,Oleada - Manchas
Foz do Rio Inhampube,Esplanada,2019-10-07,BA,"12° 05' 51.00"" S","37° 41' 19.00"" W",2019-10-23,Oleada - Vestígios/Esparsos
Foz do Rio Subauma,Esplanada,2019-10-07,BA,"12° 13' 38.09"" S","37° 45' 48.96"" W",2019-10-20,Oleada - Vestígios/Esparsos
Baixio,Esplanada,2019-10-07,BA,"12° 08' 00.05"" S","37° 42' 25.00"" W",2019-10-14,Oleada - Vestígios/Esparsos
Mamucambo,Esplanada,2019-10-20,BA,"12° 11' 08.76"" S","37° 44' 19.44"" W",,Oleada - Vestígios/Esparsos
Praia de Sirithyba,Ilhéus,2019-10-20,BA,"14° 57' 28.12"" S","39° 00' 19.91"" W",2019-10-21,Oleada - Vestígios/Esparsos
Praia de Jairo - Olivença,Ilhéus,2019-10-21,BA,"14° 58' 52.10"" S","39° 00' 02.92"" W",,Óleo - Não Observado
Praia dos Milionários,Ilhéus,2019-10-21,BA,"14° 50' 39.72"" S","39° 01' 29.72"" W",,Oleada - Vestígios/Esparsos
Acuípe,Ilhéus,2019-10-22,BA,"15° 05' 09.60"" S","38° 59' 49.74"" W",,Oleada - Vestígios/Esparsos
Itacaré,Itacaré,2019-10-19,BA,"14° 22' 57.05"" S","39° 00' 37.42"" W",,Oleada - Vestígios/Esparsos
Bom Despacho,Itaparica,2019-10-18,BA,"12° 54' 20.85"" S","38° 37' 54.77"" W",2019-10-19,Oleada - Vestígios/Esparsos
Barra Grande,Itaparica,2019-10-19,BA,"13° 02' 31.86"" S","38° 40' 39.59"" W",2019-10-20,Oleada - Vestígios/Esparsos
Jandaíra,Jandaíra,2019-10-04,BA,"11° 31' 42.79"" S","37° 24' 05.67"" W",2019-10-05,Oleada - Manchas
Mangue Seco,Jandaíra,2019-10-04,BA,"11° 27' 46.81"" S","37° 21' 09.20"" W",2019-10-04,Oleada - Vestígios/Esparsos
Jandaíra,Jandaíra,2019-10-05,BA,"11° 37' 02.64"" S","37° 26' 59.14"" W",2019-10-05,Oleada - Vestígios/Esparsos
Mangue Seco,Jandaíra,2019-10-14,BA,"11° 40' 37.74"" S","37° 28' 47.82"" W",,Oleada - Vestígios/Esparsos
Praia Vilas do Atlântico,Lauro de Freitas,2019-10-11,BA,"12° 53' 42.00"" S","38° 17' 32.00"" W",2019-10-16,Óleo - Não Observado
Barra Grande,Maraú,2019-10-18,BA,"13° 52' 05.98"" S","38° 56' 42.02"" W",2019-10-20,Oleada - Vestígios/Esparsos
Tauípe de Fora,Maraú,2019-10-20,BA,,,2019-10-23,Óleo - Não Observado
Santo Antônio,Mata de São João,2019-10-01,BA,"12° 27' 34.93"" S","37° 55' 56.26"" W",2019-10-15,Oleada - Manchas
Praia do Forte,Mata de São João,2019-10-08,BA,"12° 34' 09.27"" S","37° 59' 47.98"" W",2019-10-19,Oleada - Vestígios/Esparsos
Imbassaí,Mata de São João,2019-10-10,BA,"12° 29' 53.19"" S","37° 57' 31.00"" W",2019-10-22,Oleada - Vestígios/Esparsos
Rio Pojuca,Mata de São João,2019-10-13,BA,"12° 35' 47.22"" S","38° 01' 51.66"" W",2019-10-15,Óleo - Não Observado
Costa do Sauípe,Mata de São João,2019-10-20,BA,"12° 26' 31.56"" S","37° 55' 10.91"" W",2019-10-22,Oleada - Vestígios/Esparsos
Praia do Corsário,Salvador,2019-10-11,BA,"12° 58' 10.50"" S","38° 24' 28.85"" W",2019-10-19,Óleo - Não Observado
Praia do Artistas,Salvador,2019-10-11,BA,"12° 58' 32.94"" S","38° 25' 02.85"" W",,Óleo - Não Observado
Jardim de Alah,Salvador,2019-10-16,BA,"12° 59' 56.05"" S","38° 26' 46.96"" W",2019-10-22,Oleada - Vestígios/Esparsos
Praia Jardim dos Namorados,Salvador,2019-10-16,BA,"13° 00' 11.00"" S","38° 27' 00.90"" W",2019-10-16,Oleada - Vestígios/Esparsos
Pituba,Salvador,2019-10-16,BA,"13° 00' 34.94"" S","38° 27' 47.00"" W",2019-10-23,Óleo - Não Observado
Praia da Paciência,Salvador,2019-10-17,BA,"13° 00' 39.38"" S","38° 29' 48.11"" W",,Oleada - Vestígios/Esparsos
Rio Vermelho,Salvador,2019-10-17,BA,"13° 00' 41.06"" S","38° 29' 40.03"" W",2019-10-23,Óleo - Não Observado
Amaralina,Salvador,2019-10-17,BA,"13° 00' 51.99"" S","38° 28' 14.99"" W",2019-10-23,Óleo - Não Observado
Pedra do Sal,Salvador,2019-10-16,BA,"12° 57' 08.52"" S","38° 20' 46.59"" W",2019-10-21,Oleada - Vestígios/Esparsos
Ondina,Salvador,2019-10-19,BA,"13° 00' 39.58"" S","38° 30' 31.88"" W",2019-10-23,Oleada - Vestígios/Esparsos
Praia de ipitanga,Salvador,2019-10-21,BA,"12° 54' 57.92"" S","38° 18' 30.74"" W",2019-10-23,Óleo - Não Observado
Ponta da Gameleira_Barra Sirinhaém,Sirinhaém,2019-10-18,BA,"08° 40' 19.12"" S","35° 04' 17.51"" W",2019-10-19,Oleada - Vestígios/Esparsos
Vera Cruz,Vera Cruz,2019-10-17,BA,"12° 57' 38.44"" S","38° 36' 19.35"" W",2019-10-21,Óleo - Não Observado
Caixa Prego,Vera Cruz,2019-10-18,BA,"13° 07' 42.16"" S","38° 47' 29.67"" W",,Oleada - Vestígios/Esparsos
Praia da Prainha,Aquiraz,2019-09-10,CE,"03° 54' 07.25"" S","38° 20' 41.80"" W",2019-10-09,Oleada - Vestígios/Esparsos
Quixaba,Aracati,2019-10-14,CE,"04° 34' 09.62"" S","37° 39' 22.40"" W",,Oleada - Vestígios/Esparsos
Praia de Bitupitá,Barroquinha,2019-10-21,CE,"02° 53' 20.76"" S","41° 16' 16.80"" W",,Oleada - Vestígios/Esparsos
Barra de Sucatinga,Beberibe,2019-09-08,CE,"04° 15' 10.00"" S","38° 00' 27.00"" W",2019-10-09,Óleo - Não Observado
Morro Branco,Beberibe,2019-09-07,CE,"04° 09' 16.00"" S","38° 06' 32.00"" W",2019-10-08,Oleada - Vestígios/Esparsos
Caponga,Cascavel,2019-10-14,CE,"04° 02' 12.31"" S","38° 11' 59.62"" W",2019-10-23,Óleo - Não Observado
Sabiaguaba,Fortaleza,2019-09-26,CE,"03° 48' 00.30"" S","38° 25' 02.49"" W",2019-10-17,Oleada - Vestígios/Esparsos
Pontal de Maceió,Fortim,2019-09-28,CE,"04° 25' 22.27"" S","37° 46' 08.90"" W",2019-10-10,Óleo - Não Observado
Praia de Barreiras,Icapuí,2019-10-21,CE,"04° 40' 39.63"" S","37° 23' 40.81"" W",,Oleada - Vestígios/Esparsos
Malhada,Jijoca de Jericoacoara,2019-09-26,CE,"02° 47' 26.00"" S","40° 31' 05.00"" W",2019-10-03,Óleo - Não Observado
Paracuru,Paracuru,2019-09-23,CE,"03° 24' 13.63"" S","39° 01' 05.82"" W",2019-10-18,Oleada - Vestígios/Esparsos
Lagoinha,Paraipaba,2019-10-01,CE,"03° 20' 49.00"" S","39° 06' 48.00"" W",2019-10-18,Oleada - Vestígios/Esparsos
Praia de Taíba,São Gonçalo do Amarante,2019-09-23,CE,"03° 30' 53.00"" S","38° 52' 52.00"" W",2019-10-18,Óleo - Não Observado
Praia de Itatinga,Alcântara,2019-09-22,MA,"02° 24' 46.61"" S","44° 23' 54.97"" W",2019-10-17,Óleo - Não Observado
Ilha do Livramento,Alcântara,2019-09-25,MA,"02° 25' 14.29"" S","44° 25' 15.44"" W",2019-10-17,Óleo - Não Observado
Praia da Mamuna,Alcântara,2019-09-25,MA,"02° 15' 37.90"" S","44° 23' 13.60"" W",2019-10-17,Óleo - Não Observado
Ilha dos Poldros,Araioses,2019-09-16,MA,"02° 43' 22.81"" S","41° 51' 26.88"" W",2019-09-28,Óleo - Não Observado
Praia Canto do Atins,Barreirinhas,2019-09-20,MA,"02° 34' 03.95"" S","42° 44' 47.96"" W",2019-09-28,Óleo - Não Observado
Praia Canto do Atins,Barreirinhas,2019-09-22,MA,"02° 32' 35.45"" S","42° 50' 02.56"" W",2019-09-28,Óleo - Não Observado
Ilha Caçacueira,Cururupu,2019-10-10,MA,"01° 29' 02.24"" S","44° 44' 45.79"" W",2019-10-17,Oleada - Vestígios/Esparsos
Ilha dos Poldros,Ilha Grande,2019-09-20,MA,"02° 44' 49.04"" S","41° 48' 08.11"" W",2019-09-28,Óleo - Não Observado
Praia do Barro Vermelho,Paulino Neves,2019-09-21,MA,"02° 39' 21.70"" S","42° 36' 28.80"" W",2019-09-28,Óleo - Não Observado
Santo Amaro do Maranhão,Santo Amaro do Maranhão,2019-09-25,MA,"02° 20' 44.58"" S","43° 20' 54.08"" W",2019-10-20,Oleada - Vestígios/Esparsos
Travosa,Santo Amaro do Maranhão,2019-09-25,MA,"02° 24' 26.78"" S","43° 08' 05.71"" W",2019-09-28,Oleada - Vestígios/Esparsos
Av. Litorânea,São Luís,2019-09-26,MA,"02° 28' 55.50"" S","44° 14' 41.30"" W",2019-10-21,Óleo - Não Observado
Praia de Intermares,Cabedelo,2019-09-01,PB,"07° 02' 33.23"" S","34° 50' 25.97"" W",2019-10-01,Óleo - Não Observado
Praia do Poço,Cabedelo,2019-09-01,PB,"07° 01' 11.43"" S","34° 49' 45.79"" W",2019-10-01,Óleo - Não Observado
Praia de Camboinha,Cabedelo,2019-09-01,PB,"07° 00' 10.57"" S","34° 49' 31.63"" W",2019-10-01,Óleo - Não Observado
Praia Formosa,Cabedelo,2019-09-01,PB,"06° 58' 21.10"" S","34° 49' 44.19"" W",2019-10-01,Óleo - Não Observado
Praia de Jacumã,Conde,2019-08-30,PB,"07° 16' 40.80"" S","34° 47' 56.53"" W",2019-10-15,Óleo - Não Observado
Praia de Tambaba,Conde,2019-08-30,PB,"07° 21' 55.90"" S","34° 47' 51.84"" W",2019-10-15,Oleada - Vestígios/Esparsos
Praia do Amor,Conde,2019-09-30,PB,"07° 16' 27.18"" S","34° 48' 04.75"" W",2019-10-15,Óleo - Não Observado
Praia de Gramame,Conde,2019-08-30,PB,"07° 14' 57.81"" S","34° 48' 20.65"" W",2019-10-15,Óleo - Não Observado
Praia de Tabatinga,Conde,,PB,,,,Oleada - Vestígios/Esparsos
Praia de Tambaú,João Pessoa,2019-09-01,PB,"07° 06' 45.25"" S","34° 49' 16.88"" W",2019-10-01,Óleo - Não Observado
Praia do Cabo Branco,João Pessoa,2019-09-01,PB,"07° 08' 43.34"" S","34° 48' 33.84"" W",2019-10-01,Óleo - Não Observado
Barra do rio Camaratuba,Mataraca,2019-09-07,PB,"06° 35' 33.46"" S","34° 57' 58.12"" W",2019-10-04,Óleo - Não Observado
Praia Bela,Pitimbu,2019-08-30,PB,"07° 23' 55.92"" S","34° 48' 16.74"" W",2019-10-15,Óleo - Não Observado
Barra do Rio Mamanguape,Rio Tinto,2019-09-07,PB,"06° 46' 39.55"" S","34° 55' 22.77"" W",2019-10-04,Óleo - Não Observado
Praia de Campina,Rio Tinto,2019-09-07,PB,"06° 48' 53.44"" S","34° 54' 51.03"" W",2019-10-04,Óleo - Não Observado
Lagoa de Praia,Rio Tinto,2019-09-07,PB,"06° 48' 19.94"" S","34° 54' 56.68"" W",2019-10-04,Óleo - Não Observado
Oiteiro,Rio Tinto,2019-09-07,PB,"06° 49' 54.48"" S","34° 54' 39.12"" W",2019-10-04,Óleo - Não Observado
Praia do Paiva,Cabo de Santo Agostinho,2019-09-04,PE,"08° 15' 36.16"" S","34° 56' 41.27"" W",,Oleada - Vestígios/Esparsos
Suape,Cabo de Santo Agostinho,2019-09-02,PE,"08° 21' 34.57"" S","34° 57' 29.99"" W",2019-10-23,Óleo - Não Observado
Catuama,Goiana,2019-09-07,PE,"07° 40' 47.60"" S","34° 49' 55.70"" W",2019-09-30,Óleo - Não Observado
Pontas das Pedras,Goiana,2019-09-07,PE,"07° 37' 58.45"" S","34° 48' 43.60"" W",2019-09-30,Óleo - Não Observado
Praia do Forte Orange,Ilha de Itamaracá,2019-09-02,PE,"07° 48' 37.24"" S","34° 50' 17.55"" W",,Oleada - Vestígios/Esparsos
Praia de Gamboa,Ipojuca,2019-09-02,PE,"08° 28' 31.01"" S","34° 59' 41.93"" W",,Oleada - Vestígios/Esparsos
Porto de Galinhas,Ipojuca,2019-09-02,PE,"08° 30' 26.11"" S","35° 00' 00.66"" W",2019-10-19,Oleada - Manchas
Praia de Nossa Senhora do Ó_Muro Alto,Ipojuca,2019-09-02,PE,"08° 26' 45.93"" S","34° 58' 59.57"" W",2019-10-19,Oleada - Manchas
Candeias,Jaboatão dos Guararapes,2019-09-03,PE,"08° 11' 46.38"" S","34° 55' 07.22"" W",2019-10-23,Oleada - Manchas
Piedade,Jaboatão dos Guararapes,2019-09-03,PE,"08° 10' 51.69"" S","34° 54' 59.60"" W",,Oleada - Vestígios/Esparsos
Praia de Dell Chifre,Olinda,2019-09-02,PE,"08° 01' 36.74"" S","34° 51' 30.98"" W",,Oleada - Vestígios/Esparsos
Maria Farinha,Paulista,2019-09-02,PE,"07° 51' 18.87"" S","34° 50' 04.35"" W",2019-09-18,Óleo - Não Observado
Praia do Janga,Paulista,2019-09-02,PE,"07° 55' 41.43"" S","34° 49' 14.70"" W",2019-09-18,Oleada - Vestígios/Esparsos
Conceição,Paulista,2019-09-02,PE,"07° 52' 43.84"" S","34° 49' 43.74"" W",,Oleada - Vestígios/Esparsos
Pau Amarelo,Paulista,2019-09-02,PE,"07° 56' 18.08"" S","34° 49' 24.21"" W",2019-09-18,Óleo - Não Observado
Boa Viagem,Recife,2019-09-03,PE,"08° 08' 25.14"" S","34° 54' 10.85"" W",,Oleada - Vestígios/Esparsos
São José da Coroa Grande,São José da Coroa Grande,2019-09-25,PE,"08° 52' 15.08"" S","35° 08' 02.59"" W",2019-10-17,Óleo - Não Observado
Ilha de Santo Aleixo,Sirinhaém,2019-10-19,PE,"08° 36' 44.50"" S","35° 01' 27.34"" W",,Oleada - Manchas
Tamandaré,Tamandaré,2019-09-07,PE,"08° 45' 44.40"" S","35° 06' 12.95"" W",2019-10-15,Óleo - Não Observado
Carneiros,Tamandaré,2019-09-03,PE,"08° 42' 11.84"" S","35° 04' 46.89"" W",2019-10-23,Óleo - Não Observado
Ponta das Ilhotas,Tamandaré,2019-10-18,PE,"08° 47' 10.93"" S","35° 06' 13.59"" W",2019-10-18,Oleada - Vestígios/Esparsos
Praia da Lama,Cajueiro da Praia,2019-09-28,PI,"02° 56' 22.40"" S","41° 19' 25.18"" W",,Óleo - Não Observado
Atalaia,Luis Correia,2019-09-30,PI,"02° 52' 48.62"" S","41° 38' 19.62"" W",,Óleo - Não Observado
Praia do Arrombado,Luís Correia,2019-09-27,PI,"02° 54' 44.00"" S","41° 31' 28.00"" W",2019-09-27,Óleo - Não Observado
Luís Correia,Luís Correia,2019-09-30,PI,"02° 53' 58.59"" S","41° 36' 29.75"" W",2019-09-30,Oleada - Vestígios/Esparsos
Praia do Coqueiro,Luís Correia,2019-09-30,PI,"02° 54' 13.00"" S","41° 34' 20.00"" W",,Óleo - Não Observado
Praia Peito de Moça,Luís Correia,2019-09-30,PI,"02° 54' 11.20"" S","41° 35' 58.00"" W",,Óleo - Não Observado
Pedra do Sal,Parnaíba,2019-09-30,PI,"02° 48' 25.05"" S","41° 43' 34.95"" W",,Óleo - Não Observado
Baía Formosa,Baía Formosa,2019-09-07,RN,"06° 22' 15.39"" S","35° 00' 22.18"" W",2019-10-23,Óleo - Não Observado
Sagi,Baía Formosa,2019-09-07,RN,"06° 27' 51.33"" S","34° 58' 22.62"" W",2019-10-19,Óleo - Não Observado
Barra do Cunhaú,Canguaretama,2019-09-10,RN,"06° 18' 07.59"" S","35° 01' 56.55"" W",2019-10-02,Óleo - Não Observado
Foz do Rio Catu,Canguaretama,2019-09-12,RN,"06° 17' 12.55"" S","35° 02' 05.95"" W",2019-10-02,Oleada - Vestígios/Esparsos
Muriú,Ceará-Mirim,2019-09-12,RN,"05° 31' 23.40"" S","35° 15' 05.46"" W",2019-10-22,Oleada - Vestígios/Esparsos
Jacumã,Ceará-Mirim,2019-09-11,RN,"05° 35' 10.10"" S","35° 13' 38.60"" W",2019-10-22,Óleo - Não Observado
Barra do Rio,Extremoz,2019-09-20,RN,"05° 40' 45.06"" S","35° 12' 52.44"" W",2019-10-23,Óleo - Não Observado
Jenipabu,Extremoz,2019-09-20,RN,"05° 41' 32.37"" S","35° 12' 21.35"" W",2019-10-23,Oleada - Vestígios/Esparsos
Santa Rita,Extremoz,2019-09-20,RN,"05° 42' 07.57"" S","35° 11' 36.86"" W",2019-10-23,Oleada - Vestígios/Esparsos
Praia de Pitangui,Extremoz,2019-10-22,RN,"05° 37' 21.14"" S","35° 13' 32.09"" W",2019-10-23,Óleo - Não Observado
Praia de Rendinha Nova,Extremoz,2019-10-23,RN,,,,Oleada - Vestígios/Esparsos
Caraúbas,Maxaranguape,2019-09-15,RN,"05° 26' 39.80"" S","35° 17' 28.42"" W",2019-10-23,Óleo - Não Observado
Maracajaú,Maxaranguape,2019-09-17,RN,"05° 25' 36.72"" S","35° 17' 33.51"" W",2019-10-02,Oleada - Vestígios/Esparsos
Cabo de São Roque,Maxaranguape,2019-09-14,RN,"05° 29' 05.60"" S","35° 15' 35.61"" W",2019-09-22,Oleada - Vestígios/Esparsos
Maracajaú,Maxaranguape,2019-09-10,RN,"05° 24' 38.34"" S","35° 18' 34.80"" W",2019-10-22,Oleada - Vestígios/Esparsos
Praia de Barra de Maxaranguape,Maxaranguape,2019-10-21,RN,"05° 31' 04.51"" S","35° 15' 13.37"" W",,Óleo - Não Observado
Via Costeira,Natal,2019-09-07,RN,"05° 49' 43.35"" S","35° 10' 58.25"" W",2019-10-23,Oleada - Vestígios/Esparsos
Ponta Negra,Natal,2019-09-14,RN,"05° 52' 42.27"" S","35° 10' 24.24"" W",2019-10-22,Oleada - Vestígios/Esparsos
Redinha,Natal,2019-09-20,RN,"05° 45' 04.36"" S","35° 12' 08.56"" W",2019-10-02,Oleada - Vestígios/Esparsos
Praia de Areia Preta,Natal,2019-09-17,RN,"05° 47' 22.47"" S","35° 11' 16.49"" W",2019-10-23,Óleo - Não Observado
Praia do Forte,Natal,2019-09-17,RN,"05° 45' 45.93"" S","35° 11' 44.00"" W",2019-10-01,Óleo - Não Observado
Praia de Alagamar,Natal,2019-09-24,RN,"05° 53' 26.34"" S","35° 09' 14.31"" W",2019-09-24,Oleada - Vestígios/Esparsos
Pirangi do Sul,Nísia Floresta,2019-09-11,RN,"05° 59' 04.36"" S","35° 07' 08.00"" W",2019-10-18,Óleo - Não Observado
Foz do Rio Pirangi/Pium,Nísia Floresta,2019-09-11,RN,"05° 58' 57.46"" S","35° 07' 16.98"" W",2019-10-21,Oleada - Vestígios/Esparsos
Pirambúzios,Nísia Floresta,2019-09-10,RN,"05° 59' 11.66"" S","35° 06' 59.05"" W",2019-10-18,Oleada - Vestígios/Esparsos
Pirambúzios,Nísia Floresta,2019-09-10,RN,"05° 59' 27.88"" S","35° 06' 47.14"" W",2019-10-22,Óleo - Não Observado
Praia de Búzios,Nísia Floresta,2019-09-11,RN,"06° 00' 59.73"" S","35° 06' 31.41"" W",2019-10-22,Óleo - Não Observado
Barra de Tabatinga - Tartarugas,Nísia Floresta,2019-09-10,RN,"06° 03' 25.49"" S","35° 05' 48.44"" W",2019-10-23,Oleada - Vestígios/Esparsos
Camurupim,Nísia Floresta,2019-09-10,RN,"06° 04' 39.49"" S","35° 05' 59.54"" W",2019-10-23,Oleada - Vestígios/Esparsos
Barreta,Nísia Floresta,2019-09-10,RN,"06° 07' 25.62"" S","35° 05' 58.56"" W",2019-10-16,Óleo - Não Observado
Ponta da Ilha Verde,Nísia Floresta,2019-09-12,RN,"06° 00' 25.43"" S","35° 06' 24.66"" W",2019-10-01,Oleada - Vestígios/Esparsos
Barreira do Inferno,Parnamirim,2019-09-11,RN,"05° 56' 08.93"" S","35° 09' 17.33"" W",2019-09-23,Óleo - Não Observado
Cotolelo,Parnamirim,2019-09-11,RN,"05° 57' 46.28"" S","35° 08' 46.82"" W",2019-10-23,Oleada - Vestígios/Esparsos
Pirangi do Norte,Parnamirim,2019-09-11,RN,"05° 58' 19.06"" S","35° 07' 32.98"" W",2019-10-23,Oleada - Vestígios/Esparsos
Praia de Zumbi,Rio do Fogo,2019-09-11,RN,"05° 19' 10.42"" S","35° 21' 43.53"" W",2019-10-22,Óleo - Não Observado
Rio Punaú,Rio do Fogo,2019-09-11,RN,"05° 21' 00.60"" S","35° 21' 24.60"" W",2019-10-09,Oleada - Vestígios/Esparsos
Praia do Giz,Tibau do Sul,2019-09-10,RN,"06° 10' 56.31"" S","35° 05' 22.30"" W",2019-10-02,Óleo - Não Observado
Pirambu,Tibau do Sul,2019-09-10,RN,"06° 11' 14.82"" S","35° 05' 06.24"" W",2019-10-02,Oleada - Vestígios/Esparsos
Pipa,Tibau do Sul,2019-09-10,RN,"06° 13' 40.49"" S","35° 02' 51.34"" W",2019-09-28,Óleo - Não Observado
Praia do Amor,Tibau do Sul,2019-09-10,RN,"06° 13' 50.14"" S","35° 02' 31.76"" W",2019-10-23,Óleo - Não Observado
Sibaúma/Das Minas,Tibau do Sul,2019-09-11,RN,"06° 15' 56.50"" S","35° 02' 17.72"" W",2019-09-28,Oleada - Vestígios/Esparsos
Tibau do Sul,Tibau do Sul,2019-09-10,RN,"06° 10' 46.86"" S","35° 05' 28.83"" W",2019-10-02,Oleada - Vestígios/Esparsos
Perobas,Touros,2019-09-11,RN,"05° 15' 04.92"" S","35° 23' 35.15"" W",2019-10-23,Óleo - Não Observado
Praia do Calcanhar,Touros,2019-09-14,RN,"05° 09' 38.81"" S","35° 29' 08.88"" W",2019-09-26,Óleo - Não Observado
Praia de Touros,Touros,2019-09-14,RN,"05° 11' 22.36"" S","35° 27' 49.19"" W",2019-10-23,Óleo - Não Observado
Praia Carnaubinhas,Touros,2019-10-21,RN,"05° 12' 06.62"" S","35° 27' 06.44"" W",,Oleada - Vestígios/Esparsos
Mosqueiro,Aracajú,2019-10-02,SE,"11° 04' 27.77"" S","37° 06' 26.07"" W",2019-10-20,Oleada - Vestígios/Esparsos
Atalaia,Aracajú,2019-10-02,SE,"10° 58' 50.09"" S","37° 02' 10.76"" W",2019-10-21,Oleada - Vestígios/Esparsos
Praia de Aruanã,Aracajú,2019-10-15,SE,"11° 06' 13.12"" S","37° 07' 39.55"" W",2019-10-21,Oleada - Vestígios/Esparsos
Coroa do Meio,Aracajú,2019-10-16,SE,"10° 57' 49.77"" S","37° 02' 17.12"" W",2019-10-21,Oleada - Vestígios/Esparsos
Mosqueiro,Aracajú,2019-10-16,SE,"11° 01' 44.67"" S","37° 04' 34.26"" W",2019-10-23,Oleada - Vestígios/Esparsos
Barra dos Coqueiros,Barra dos Coqueiros,2019-09-24,SE,"10° 56' 22.07"" S","37° 01' 15.08"" W",2019-10-17,Oleada - Vestígios/Esparsos
Praia de Jatobá,Barra dos Coqueiros,2019-09-24,SE,"10° 48' 15.51"" S","36° 54' 40.87"" W",2019-10-02,Oleada - Vestígios/Esparsos
Atalaia Nova,Barra dos Coqueiros,2019-09-02,SE,"10° 57' 08.00"" S","37° 01' 46.00"" W",2019-10-20,Oleada - Vestígios/Esparsos
Praia da Costa,Barra dos Coqueiros,2019-09-02,SE,"10° 55' 43.00"" S","37° 00' 49.00"" W",2019-10-18,Óleo - Não Observado
Porto,Barra dos Coqueiros,2019-09-02,SE,"10° 50' 43.00"" S","36° 56' 53.00"" W",2019-10-17,Oleada - Vestígios/Esparsos
Praia Atalaia Nova,Barra dos Coqueiros,2019-10-21,SE,"10° 55' 18.48"" S","37° 02' 49.02"" W",,Oleada - Vestígios/Esparsos
Foz do Rio São Francisco,Brejo Grande,2019-10-09,SE,"10° 29' 40.00"" S","36° 24' 38.01"" W",,Óleo - Não Observado
Abais,Estância,2019-09-03,SE,"11° 20' 27.23"" S","37° 17' 22.98"" W",2019-10-21,Oleada - Vestígios/Esparsos
Caueira,Estância,2019-10-03,SE,"11° 13' 17.71"" S","37° 12' 26.78"" W",2019-10-21,Oleada - Vestígios/Esparsos
Estância,Estância,2019-10-05,SE,"11° 21' 58.12"" S","37° 18' 02.05"" W",2019-10-13,Oleada - Vestígios/Esparsos
Mangue,Indiaroba,2019-10-12,SE,"11° 26' 06.48"" S","37° 24' 29.63"" W",2019-10-21,Oleada - Vestígios/Esparsos
Praia do Saco,Itaporanga d'Ajuda,2019-09-03,SE,"11° 15' 08.89"" S","37° 13' 55.80"" W",2019-10-05,Oleada - Vestígios/Esparsos
Mangue,Itaporanga d'Ajuda,2019-10-12,SE,"11° 06' 46.00"" S","37° 10' 01.63"" W",2019-10-15,Oleada - Manchas
Mangue,Itaporanga d'Ajuda,2019-10-17,SE,"11° 05' 21.00"" S","37° 12' 22.51"" W",,Oleada - Vestígios/Esparsos
Praia de Ponta dos Mangues,Pacatuba,2019-09-24,SE,"10° 34' 37.96"" S","36° 35' 07.17"" W",2019-10-01,Óleo - Não Observado
Praia do Pirambu,Pirambu,2019-09-24,SE,"10° 44' 10.87"" S","36° 50' 46.04"" W",2019-10-19,Oleada - Vestígios/Esparsos
